"Id","Label","group"
0,"Topic_0","Topic"
1,"Topic_1","Topic"
2,"Topic_2","Topic"
3,"Topic_3","Topic"
4,"Topic_4","Topic"
5,"Topic_5","Topic"
6,"Topic_6","Topic"
7,"Topic_7","Topic"
8,"Topic_8","Topic"
9,"Topic_9","Topic"
10,"Topic_10","Topic"
11,"Topic_11","Topic"
12,"Topic_12","Topic"
13,"Topic_13","Topic"
14,"Topic_14","Topic"
15,"Topic_15","Topic"
16,"Topic_16","Topic"
17,"Topic_17","Topic"
18,"Topic_18","Topic"
19,"Topic_19","Topic"
20,"Topic_20","Topic"
21,"Topic_21","Topic"
22,"Topic_22","Topic"
23,"Topic_23","Topic"
24,"Topic_24","Topic"
100,"BOYER_AGAMEMNON_1","BOYER"
101,"BOYER_AGAMEMNON_2","BOYER"
102,"BOYER_AGAMEMNON_3","BOYER"
103,"BOYER_AGAMEMNON_4","BOYER"
104,"BOYER_AGAMEMNON_5","BOYER"
105,"BOYER_AGAMEMNON_6","BOYER"
106,"BOYER_AGAMEMNON_7","BOYER"
107,"BOYER_AGAMEMNON_8","BOYER"
108,"BOYER_AGAMEMNON_9","BOYER"
109,"BOYER_AGAMEMNON_10","BOYER"
110,"BOYER_AGAMEMNON_11","BOYER"
111,"BOYER_AGAMEMNON_12","BOYER"
112,"BOYER_AGAMEMNON_13","BOYER"
113,"BOYER_AGAMEMNON_14","BOYER"
114,"BOYER_AGAMEMNON_15","BOYER"
115,"BOYER_AMOURSJUPITERSEMELE_1","BOYER"
116,"BOYER_AMOURSJUPITERSEMELE_2","BOYER"
117,"BOYER_AMOURSJUPITERSEMELE_3","BOYER"
118,"BOYER_AMOURSJUPITERSEMELE_4","BOYER"
119,"BOYER_AMOURSJUPITERSEMELE_5","BOYER"
120,"BOYER_AMOURSJUPITERSEMELE_6","BOYER"
121,"BOYER_AMOURSJUPITERSEMELE_7","BOYER"
122,"BOYER_AMOURSJUPITERSEMELE_8","BOYER"
123,"BOYER_AMOURSJUPITERSEMELE_9","BOYER"
124,"BOYER_AMOURSJUPITERSEMELE_10","BOYER"
125,"BOYER_AMOURSJUPITERSEMELE_11","BOYER"
126,"BOYER_AMOURSJUPITERSEMELE_12","BOYER"
127,"BOYER_AMOURSJUPITERSEMELE_13","BOYER"
128,"BOYER_AMOURSJUPITERSEMELE_14","BOYER"
129,"BOYER_AMOURSJUPITERSEMELE_15","BOYER"
130,"BOYER_AMOURSJUPITERSEMELE_16","BOYER"
131,"BOYER_AMOURSJUPITERSEMELE_17","BOYER"
132,"BOYER_AMOURSJUPITERSEMELE_18","BOYER"
133,"BOYER_AMOURSJUPITERSEMELE_19","BOYER"
134,"BOYER_ARISTODEME_1","BOYER"
135,"BOYER_ARISTODEME_2","BOYER"
136,"BOYER_ARISTODEME_3","BOYER"
137,"BOYER_ARISTODEME_4","BOYER"
138,"BOYER_ARISTODEME_5","BOYER"
139,"BOYER_ARISTODEME_6","BOYER"
140,"BOYER_ARISTODEME_7","BOYER"
141,"BOYER_ARISTODEME_8","BOYER"
142,"BOYER_ARISTODEME_9","BOYER"
143,"BOYER_ARISTODEME_10","BOYER"
144,"BOYER_ARISTODEME_11","BOYER"
145,"BOYER_ARISTODEME_12","BOYER"
146,"BOYER_ARTAXERCE_1","BOYER"
147,"BOYER_ARTAXERCE_2","BOYER"
148,"BOYER_ARTAXERCE_3","BOYER"
149,"BOYER_ARTAXERCE_4","BOYER"
150,"BOYER_ARTAXERCE_5","BOYER"
151,"BOYER_ARTAXERCE_6","BOYER"
152,"BOYER_ARTAXERCE_7","BOYER"
153,"BOYER_ARTAXERCE_8","BOYER"
154,"BOYER_ARTAXERCE_9","BOYER"
155,"BOYER_ARTAXERCE_10","BOYER"
156,"BOYER_ARTAXERCE_11","BOYER"
157,"BOYER_ARTAXERCE_12","BOYER"
158,"BOYER_ARTAXERCE_13","BOYER"
159,"BOYER_ARTAXERCE_14","BOYER"
160,"BOYER_ARTAXERCE_15","BOYER"
161,"BOYER_ARTAXERCE_16","BOYER"
162,"BOYER_ARTAXERCE_17","BOYER"
163,"BOYER_ARTAXERCE_18","BOYER"
164,"CORNEILLEP_ANDROMEDE_1","CORNEILLEP"
165,"CORNEILLEP_ANDROMEDE_2","CORNEILLEP"
166,"CORNEILLEP_ANDROMEDE_3","CORNEILLEP"
167,"CORNEILLEP_ANDROMEDE_4","CORNEILLEP"
168,"CORNEILLEP_ANDROMEDE_5","CORNEILLEP"
169,"CORNEILLEP_ANDROMEDE_6","CORNEILLEP"
170,"CORNEILLEP_ANDROMEDE_7","CORNEILLEP"
171,"CORNEILLEP_ANDROMEDE_8","CORNEILLEP"
172,"CORNEILLEP_ANDROMEDE_9","CORNEILLEP"
173,"CORNEILLEP_ANDROMEDE_10","CORNEILLEP"
174,"CORNEILLEP_ANDROMEDE_11","CORNEILLEP"
175,"CORNEILLEP_ANDROMEDE_12","CORNEILLEP"
176,"CORNEILLEP_ANDROMEDE_13","CORNEILLEP"
177,"CORNEILLEP_ANDROMEDE_14","CORNEILLEP"
178,"CORNEILLEP_ANDROMEDE_15","CORNEILLEP"
179,"CORNEILLEP_ANDROMEDE_16","CORNEILLEP"
180,"CORNEILLEP_ANDROMEDE_17","CORNEILLEP"
181,"CORNEILLEP_ANDROMEDE_18","CORNEILLEP"
182,"CORNEILLEP_ANDROMEDE_19","CORNEILLEP"
183,"CORNEILLEP_ANDROMEDE_20","CORNEILLEP"
184,"CORNEILLEP_CID_1","CORNEILLEP"
185,"CORNEILLEP_CID_2","CORNEILLEP"
186,"CORNEILLEP_CID_3","CORNEILLEP"
187,"CORNEILLEP_CID_4","CORNEILLEP"
188,"CORNEILLEP_CID_5","CORNEILLEP"
189,"CORNEILLEP_CID_6","CORNEILLEP"
190,"CORNEILLEP_CID_7","CORNEILLEP"
191,"CORNEILLEP_CID_8","CORNEILLEP"
192,"CORNEILLEP_CID_9","CORNEILLEP"
193,"CORNEILLEP_CID_10","CORNEILLEP"
194,"CORNEILLEP_CID_11","CORNEILLEP"
195,"CORNEILLEP_CID_12","CORNEILLEP"
196,"CORNEILLEP_CID_13","CORNEILLEP"
197,"CORNEILLEP_CID_14","CORNEILLEP"
198,"CORNEILLEP_CID_15","CORNEILLEP"
199,"CORNEILLEP_CID_16","CORNEILLEP"
200,"CORNEILLEP_CID_17","CORNEILLEP"
201,"CORNEILLEP_CID_18","CORNEILLEP"
202,"CORNEILLEP_CID_19","CORNEILLEP"
203,"CORNEILLEP_CID_20","CORNEILLEP"
204,"CORNEILLEP_CID_21","CORNEILLEP"
205,"CORNEILLEP_ILLUSIONCOMIQUE_1","CORNEILLEP"
206,"CORNEILLEP_ILLUSIONCOMIQUE_2","CORNEILLEP"
207,"CORNEILLEP_ILLUSIONCOMIQUE_3","CORNEILLEP"
208,"CORNEILLEP_ILLUSIONCOMIQUE_4","CORNEILLEP"
209,"CORNEILLEP_ILLUSIONCOMIQUE_5","CORNEILLEP"
210,"CORNEILLEP_ILLUSIONCOMIQUE_6","CORNEILLEP"
211,"CORNEILLEP_ILLUSIONCOMIQUE_7","CORNEILLEP"
212,"CORNEILLEP_ILLUSIONCOMIQUE_8","CORNEILLEP"
213,"CORNEILLEP_ILLUSIONCOMIQUE_9","CORNEILLEP"
214,"CORNEILLEP_ILLUSIONCOMIQUE_10","CORNEILLEP"
215,"CORNEILLEP_ILLUSIONCOMIQUE_11","CORNEILLEP"
216,"CORNEILLEP_ILLUSIONCOMIQUE_12","CORNEILLEP"
217,"CORNEILLEP_ILLUSIONCOMIQUE_13","CORNEILLEP"
218,"CORNEILLEP_ILLUSIONCOMIQUE_14","CORNEILLEP"
219,"CORNEILLEP_ILLUSIONCOMIQUE_15","CORNEILLEP"
220,"CORNEILLEP_ILLUSIONCOMIQUE_16","CORNEILLEP"
221,"CORNEILLEP_MEDEE_1","CORNEILLEP"
222,"CORNEILLEP_MEDEE_2","CORNEILLEP"
223,"CORNEILLEP_MEDEE_3","CORNEILLEP"
224,"CORNEILLEP_MEDEE_4","CORNEILLEP"
225,"CORNEILLEP_MEDEE_5","CORNEILLEP"
226,"CORNEILLEP_MEDEE_6","CORNEILLEP"
227,"CORNEILLEP_MEDEE_7","CORNEILLEP"
228,"CORNEILLEP_MEDEE_8","CORNEILLEP"
229,"CORNEILLEP_MEDEE_9","CORNEILLEP"
230,"CORNEILLEP_MEDEE_10","CORNEILLEP"
231,"CORNEILLEP_MEDEE_11","CORNEILLEP"
232,"CORNEILLEP_MEDEE_12","CORNEILLEP"
233,"CORNEILLEP_MEDEE_13","CORNEILLEP"
234,"CORNEILLEP_MEDEE_14","CORNEILLEP"
235,"CORNEILLEP_MEDEE_15","CORNEILLEP"
236,"CORNEILLEP_MEDEE_16","CORNEILLEP"
237,"CORNEILLET_AMOURALAMODE_1","CORNEILLET"
238,"CORNEILLET_AMOURALAMODE_2","CORNEILLET"
239,"CORNEILLET_AMOURALAMODE_3","CORNEILLET"
240,"CORNEILLET_AMOURALAMODE_4","CORNEILLET"
241,"CORNEILLET_AMOURALAMODE_5","CORNEILLET"
242,"CORNEILLET_AMOURALAMODE_6","CORNEILLET"
243,"CORNEILLET_AMOURALAMODE_7","CORNEILLET"
244,"CORNEILLET_AMOURALAMODE_8","CORNEILLET"
245,"CORNEILLET_AMOURALAMODE_9","CORNEILLET"
246,"CORNEILLET_AMOURALAMODE_10","CORNEILLET"
247,"CORNEILLET_AMOURALAMODE_11","CORNEILLET"
248,"CORNEILLET_AMOURALAMODE_12","CORNEILLET"
249,"CORNEILLET_AMOURALAMODE_13","CORNEILLET"
250,"CORNEILLET_AMOURALAMODE_14","CORNEILLET"
251,"CORNEILLET_AMOURALAMODE_15","CORNEILLET"
252,"CORNEILLET_AMOURALAMODE_16","CORNEILLET"
253,"CORNEILLET_AMOURALAMODE_17","CORNEILLET"
254,"CORNEILLET_ARIANE_1","CORNEILLET"
255,"CORNEILLET_ARIANE_2","CORNEILLET"
256,"CORNEILLET_ARIANE_3","CORNEILLET"
257,"CORNEILLET_ARIANE_4","CORNEILLET"
258,"CORNEILLET_ARIANE_5","CORNEILLET"
259,"CORNEILLET_ARIANE_6","CORNEILLET"
260,"CORNEILLET_ARIANE_7","CORNEILLET"
261,"CORNEILLET_ARIANE_8","CORNEILLET"
262,"CORNEILLET_ARIANE_9","CORNEILLET"
263,"CORNEILLET_ARIANE_10","CORNEILLET"
264,"CORNEILLET_ARIANE_11","CORNEILLET"
265,"CORNEILLET_ARIANE_12","CORNEILLET"
266,"CORNEILLET_ARIANE_13","CORNEILLET"
267,"CORNEILLET_ARIANE_14","CORNEILLET"
268,"CORNEILLET_ARIANE_15","CORNEILLET"
269,"CORNEILLET_ARIANE_16","CORNEILLET"
270,"CORNEILLET_BRADAMANTE_1","CORNEILLET"
271,"CORNEILLET_BRADAMANTE_2","CORNEILLET"
272,"CORNEILLET_BRADAMANTE_3","CORNEILLET"
273,"CORNEILLET_BRADAMANTE_4","CORNEILLET"
274,"CORNEILLET_BRADAMANTE_5","CORNEILLET"
275,"CORNEILLET_BRADAMANTE_6","CORNEILLET"
276,"CORNEILLET_BRADAMANTE_7","CORNEILLET"
277,"CORNEILLET_BRADAMANTE_8","CORNEILLET"
278,"CORNEILLET_BRADAMANTE_9","CORNEILLET"
279,"CORNEILLET_BRADAMANTE_10","CORNEILLET"
280,"CORNEILLET_BRADAMANTE_11","CORNEILLET"
281,"CORNEILLET_BRADAMANTE_12","CORNEILLET"
282,"CORNEILLET_GEOLIERDESOISMEME_1","CORNEILLET"
283,"CORNEILLET_GEOLIERDESOISMEME_2","CORNEILLET"
284,"CORNEILLET_GEOLIERDESOISMEME_3","CORNEILLET"
285,"CORNEILLET_GEOLIERDESOISMEME_4","CORNEILLET"
286,"CORNEILLET_GEOLIERDESOISMEME_5","CORNEILLET"
287,"CORNEILLET_GEOLIERDESOISMEME_6","CORNEILLET"
288,"CORNEILLET_GEOLIERDESOISMEME_7","CORNEILLET"
289,"CORNEILLET_GEOLIERDESOISMEME_8","CORNEILLET"
290,"CORNEILLET_GEOLIERDESOISMEME_9","CORNEILLET"
291,"CORNEILLET_GEOLIERDESOISMEME_10","CORNEILLET"
292,"CORNEILLET_GEOLIERDESOISMEME_11","CORNEILLET"
293,"CORNEILLET_GEOLIERDESOISMEME_12","CORNEILLET"
294,"CORNEILLET_GEOLIERDESOISMEME_13","CORNEILLET"
295,"CORNEILLET_GEOLIERDESOISMEME_14","CORNEILLET"
296,"CORNEILLET_GEOLIERDESOISMEME_15","CORNEILLET"
297,"CORNEILLET_GEOLIERDESOISMEME_16","CORNEILLET"
298,"DURYER_CLARIGENE_1","DURYER"
299,"DURYER_CLARIGENE_2","DURYER"
300,"DURYER_CLARIGENE_3","DURYER"
301,"DURYER_CLARIGENE_4","DURYER"
302,"DURYER_CLARIGENE_5","DURYER"
303,"DURYER_CLARIGENE_6","DURYER"
304,"DURYER_CLARIGENE_7","DURYER"
305,"DURYER_CLARIGENE_8","DURYER"
306,"DURYER_CLARIGENE_9","DURYER"
307,"DURYER_CLARIGENE_10","DURYER"
308,"DURYER_CLARIGENE_11","DURYER"
309,"DURYER_CLARIGENE_12","DURYER"
310,"DURYER_CLARIGENE_13","DURYER"
311,"DURYER_CLARIGENE_14","DURYER"
312,"DURYER_CLITOPHON_1","DURYER"
313,"DURYER_CLITOPHON_2","DURYER"
314,"DURYER_CLITOPHON_3","DURYER"
315,"DURYER_CLITOPHON_4","DURYER"
316,"DURYER_CLITOPHON_5","DURYER"
317,"DURYER_CLITOPHON_6","DURYER"
318,"DURYER_CLITOPHON_7","DURYER"
319,"DURYER_CLITOPHON_8","DURYER"
320,"DURYER_CLITOPHON_9","DURYER"
321,"DURYER_CLITOPHON_10","DURYER"
322,"DURYER_CLITOPHON_11","DURYER"
323,"DURYER_CLITOPHON_12","DURYER"
324,"DURYER_CLITOPHON_13","DURYER"
325,"DURYER_CLITOPHON_14","DURYER"
326,"DURYER_CLITOPHON_15","DURYER"
327,"DURYER_CLITOPHON_16","DURYER"
328,"DURYER_DYNAMIS_1","DURYER"
329,"DURYER_DYNAMIS_2","DURYER"
330,"DURYER_DYNAMIS_3","DURYER"
331,"DURYER_DYNAMIS_4","DURYER"
332,"DURYER_DYNAMIS_5","DURYER"
333,"DURYER_DYNAMIS_6","DURYER"
334,"DURYER_DYNAMIS_7","DURYER"
335,"DURYER_DYNAMIS_8","DURYER"
336,"DURYER_DYNAMIS_9","DURYER"
337,"DURYER_DYNAMIS_10","DURYER"
338,"DURYER_DYNAMIS_11","DURYER"
339,"DURYER_DYNAMIS_12","DURYER"
340,"DURYER_DYNAMIS_13","DURYER"
341,"DURYER_DYNAMIS_14","DURYER"
342,"DURYER_DYNAMIS_15","DURYER"
343,"DURYER_DYNAMIS_16","DURYER"
344,"DURYER_DYNAMIS_17","DURYER"
345,"DURYER_DYNAMIS_18","DURYER"
346,"DURYER_ESTHER_1","DURYER"
347,"DURYER_ESTHER_2","DURYER"
348,"DURYER_ESTHER_3","DURYER"
349,"DURYER_ESTHER_4","DURYER"
350,"DURYER_ESTHER_5","DURYER"
351,"DURYER_ESTHER_6","DURYER"
352,"DURYER_ESTHER_7","DURYER"
353,"DURYER_ESTHER_8","DURYER"
354,"DURYER_ESTHER_9","DURYER"
355,"DURYER_ESTHER_10","DURYER"
356,"DURYER_ESTHER_11","DURYER"
357,"DURYER_ESTHER_12","DURYER"
358,"DURYER_ESTHER_13","DURYER"
359,"DURYER_ESTHER_14","DURYER"
360,"DURYER_ESTHER_15","DURYER"
361,"DURYER_ESTHER_16","DURYER"
362,"MOLIERE_AMPHITRYON_1","MOLIERE"
363,"MOLIERE_AMPHITRYON_2","MOLIERE"
364,"MOLIERE_AMPHITRYON_3","MOLIERE"
365,"MOLIERE_AMPHITRYON_4","MOLIERE"
366,"MOLIERE_AMPHITRYON_5","MOLIERE"
367,"MOLIERE_AMPHITRYON_6","MOLIERE"
368,"MOLIERE_AMPHITRYON_7","MOLIERE"
369,"MOLIERE_AMPHITRYON_8","MOLIERE"
370,"MOLIERE_AMPHITRYON_9","MOLIERE"
371,"MOLIERE_AMPHITRYON_10","MOLIERE"
372,"MOLIERE_AMPHITRYON_11","MOLIERE"
373,"MOLIERE_AMPHITRYON_12","MOLIERE"
374,"MOLIERE_AMPHITRYON_13","MOLIERE"
375,"MOLIERE_AMPHITRYON_14","MOLIERE"
376,"MOLIERE_AMPHITRYON_15","MOLIERE"
377,"MOLIERE_DOMGARCIEDENAVARRE_1","MOLIERE"
378,"MOLIERE_DOMGARCIEDENAVARRE_2","MOLIERE"
379,"MOLIERE_DOMGARCIEDENAVARRE_3","MOLIERE"
380,"MOLIERE_DOMGARCIEDENAVARRE_4","MOLIERE"
381,"MOLIERE_DOMGARCIEDENAVARRE_5","MOLIERE"
382,"MOLIERE_DOMGARCIEDENAVARRE_6","MOLIERE"
383,"MOLIERE_DOMGARCIEDENAVARRE_7","MOLIERE"
384,"MOLIERE_DOMGARCIEDENAVARRE_8","MOLIERE"
385,"MOLIERE_DOMGARCIEDENAVARRE_9","MOLIERE"
386,"MOLIERE_DOMGARCIEDENAVARRE_10","MOLIERE"
387,"MOLIERE_DOMGARCIEDENAVARRE_11","MOLIERE"
388,"MOLIERE_DOMGARCIEDENAVARRE_12","MOLIERE"
389,"MOLIERE_DOMGARCIEDENAVARRE_13","MOLIERE"
390,"MOLIERE_DOMGARCIEDENAVARRE_14","MOLIERE"
391,"MOLIERE_DOMGARCIEDENAVARRE_15","MOLIERE"
392,"MOLIERE_DOMGARCIEDENAVARRE_16","MOLIERE"
393,"MOLIERE_DOMGARCIEDENAVARRE_17","MOLIERE"
394,"MOLIERE_MISANTHROPE_1","MOLIERE"
395,"MOLIERE_MISANTHROPE_2","MOLIERE"
396,"MOLIERE_MISANTHROPE_3","MOLIERE"
397,"MOLIERE_MISANTHROPE_4","MOLIERE"
398,"MOLIERE_MISANTHROPE_5","MOLIERE"
399,"MOLIERE_MISANTHROPE_6","MOLIERE"
400,"MOLIERE_MISANTHROPE_7","MOLIERE"
401,"MOLIERE_MISANTHROPE_8","MOLIERE"
402,"MOLIERE_MISANTHROPE_9","MOLIERE"
403,"MOLIERE_MISANTHROPE_10","MOLIERE"
404,"MOLIERE_MISANTHROPE_11","MOLIERE"
405,"MOLIERE_MISANTHROPE_12","MOLIERE"
406,"MOLIERE_MISANTHROPE_13","MOLIERE"
407,"MOLIERE_MISANTHROPE_14","MOLIERE"
408,"MOLIERE_MISANTHROPE_15","MOLIERE"
409,"MOLIERE_MISANTHROPE_16","MOLIERE"
410,"MOLIERE_MISANTHROPE_17","MOLIERE"
411,"MOLIERE_MISANTHROPE_18","MOLIERE"
412,"MOLIERE_TARTUFFE_1","MOLIERE"
413,"MOLIERE_TARTUFFE_2","MOLIERE"
414,"MOLIERE_TARTUFFE_3","MOLIERE"
415,"MOLIERE_TARTUFFE_4","MOLIERE"
416,"MOLIERE_TARTUFFE_5","MOLIERE"
417,"MOLIERE_TARTUFFE_6","MOLIERE"
418,"MOLIERE_TARTUFFE_7","MOLIERE"
419,"MOLIERE_TARTUFFE_8","MOLIERE"
420,"MOLIERE_TARTUFFE_9","MOLIERE"
421,"MOLIERE_TARTUFFE_10","MOLIERE"
422,"MOLIERE_TARTUFFE_11","MOLIERE"
423,"MOLIERE_TARTUFFE_12","MOLIERE"
424,"MOLIERE_TARTUFFE_13","MOLIERE"
425,"MOLIERE_TARTUFFE_14","MOLIERE"
426,"MOLIERE_TARTUFFE_15","MOLIERE"
427,"MOLIERE_TARTUFFE_16","MOLIERE"
428,"MOLIERE_TARTUFFE_17","MOLIERE"
429,"MOLIERE_TARTUFFE_18","MOLIERE"
430,"MOLIERE_TARTUFFE_19","MOLIERE"
431,"MOLIERE_TARTUFFE_20","MOLIERE"
432,"MOLIERE_TARTUFFE_21","MOLIERE"
433,"RACINE_BERENICE_1","RACINE"
434,"RACINE_BERENICE_2","RACINE"
435,"RACINE_BERENICE_3","RACINE"
436,"RACINE_BERENICE_4","RACINE"
437,"RACINE_BERENICE_5","RACINE"
438,"RACINE_BERENICE_6","RACINE"
439,"RACINE_BERENICE_7","RACINE"
440,"RACINE_BERENICE_8","RACINE"
441,"RACINE_BERENICE_9","RACINE"
442,"RACINE_BERENICE_10","RACINE"
443,"RACINE_BERENICE_11","RACINE"
444,"RACINE_BERENICE_12","RACINE"
445,"RACINE_BERENICE_13","RACINE"
446,"RACINE_BERENICE_14","RACINE"
447,"RACINE_BERENICE_15","RACINE"
448,"RACINE_ESTHER_1","RACINE"
449,"RACINE_ESTHER_2","RACINE"
450,"RACINE_ESTHER_3","RACINE"
451,"RACINE_ESTHER_4","RACINE"
452,"RACINE_ESTHER_5","RACINE"
453,"RACINE_ESTHER_6","RACINE"
454,"RACINE_ESTHER_7","RACINE"
455,"RACINE_ESTHER_8","RACINE"
456,"RACINE_ESTHER_9","RACINE"
457,"RACINE_ESTHER_10","RACINE"
458,"RACINE_ESTHER_11","RACINE"
459,"RACINE_ESTHER_12","RACINE"
460,"RACINE_ESTHER_13","RACINE"
461,"RACINE_IPHIGENIE_1","RACINE"
462,"RACINE_IPHIGENIE_2","RACINE"
463,"RACINE_IPHIGENIE_3","RACINE"
464,"RACINE_IPHIGENIE_4","RACINE"
465,"RACINE_IPHIGENIE_5","RACINE"
466,"RACINE_IPHIGENIE_6","RACINE"
467,"RACINE_IPHIGENIE_7","RACINE"
468,"RACINE_IPHIGENIE_8","RACINE"
469,"RACINE_IPHIGENIE_9","RACINE"
470,"RACINE_IPHIGENIE_10","RACINE"
471,"RACINE_IPHIGENIE_11","RACINE"
472,"RACINE_IPHIGENIE_12","RACINE"
473,"RACINE_IPHIGENIE_13","RACINE"
474,"RACINE_IPHIGENIE_14","RACINE"
475,"RACINE_IPHIGENIE_15","RACINE"
476,"RACINE_IPHIGENIE_16","RACINE"
477,"RACINE_IPHIGENIE_17","RACINE"
478,"RACINE_PHEDRE_1","RACINE"
479,"RACINE_PHEDRE_2","RACINE"
480,"RACINE_PHEDRE_3","RACINE"
481,"RACINE_PHEDRE_4","RACINE"
482,"RACINE_PHEDRE_5","RACINE"
483,"RACINE_PHEDRE_6","RACINE"
484,"RACINE_PHEDRE_7","RACINE"
485,"RACINE_PHEDRE_8","RACINE"
486,"RACINE_PHEDRE_9","RACINE"
487,"RACINE_PHEDRE_10","RACINE"
488,"RACINE_PHEDRE_11","RACINE"
489,"RACINE_PHEDRE_12","RACINE"
490,"RACINE_PHEDRE_13","RACINE"
491,"RACINE_PHEDRE_14","RACINE"
492,"RACINE_PHEDRE_15","RACINE"
493,"RACINE_PHEDRE_16","RACINE"
494,"RACINE_PHEDRE_17","RACINE"
495,"RACINE_PHEDRE_18","RACINE"
496,"RACINE_PHEDRE_19","RACINE"
497,"RACINE_PHEDRE_20","RACINE"
498,"RACINE_PHEDRE_21","RACINE"
499,"RACINE_PHEDRE_22","RACINE"
500,"RACINE_PHEDRE_23","RACINE"
501,"RACINE_PHEDRE_24","RACINE"
502,"RACINE_PHEDRE_25","RACINE"
503,"RACINE_PHEDRE_26","RACINE"
504,"RACINE_PHEDRE_27","RACINE"
505,"RACINE_PHEDRE_28","RACINE"
506,"RACINE_PHEDRE_29","RACINE"
507,"RACINE_PHEDRE_30","RACINE"
508,"ROTROU_COSROES_1","ROTROU"
509,"ROTROU_COSROES_2","ROTROU"
510,"ROTROU_COSROES_3","ROTROU"
511,"ROTROU_COSROES_4","ROTROU"
512,"ROTROU_COSROES_5","ROTROU"
513,"ROTROU_COSROES_6","ROTROU"
514,"ROTROU_COSROES_7","ROTROU"
515,"ROTROU_COSROES_8","ROTROU"
516,"ROTROU_COSROES_9","ROTROU"
517,"ROTROU_COSROES_10","ROTROU"
518,"ROTROU_COSROES_11","ROTROU"
519,"ROTROU_COSROES_12","ROTROU"
520,"ROTROU_COSROES_13","ROTROU"
521,"ROTROU_COSROES_14","ROTROU"
522,"ROTROU_COSROES_15","ROTROU"
523,"ROTROU_DEUXPUCELLES_1","ROTROU"
524,"ROTROU_DEUXPUCELLES_2","ROTROU"
525,"ROTROU_DEUXPUCELLES_3","ROTROU"
526,"ROTROU_DEUXPUCELLES_4","ROTROU"
527,"ROTROU_DEUXPUCELLES_5","ROTROU"
528,"ROTROU_DEUXPUCELLES_6","ROTROU"
529,"ROTROU_DEUXPUCELLES_7","ROTROU"
530,"ROTROU_DEUXPUCELLES_8","ROTROU"
531,"ROTROU_DEUXPUCELLES_9","ROTROU"
532,"ROTROU_DEUXPUCELLES_10","ROTROU"
533,"ROTROU_DEUXPUCELLES_11","ROTROU"
534,"ROTROU_DEUXPUCELLES_12","ROTROU"
535,"ROTROU_DEUXPUCELLES_13","ROTROU"
536,"ROTROU_DEUXPUCELLES_14","ROTROU"
537,"ROTROU_DEUXPUCELLES_15","ROTROU"
538,"ROTROU_DEUXPUCELLES_16","ROTROU"
539,"ROTROU_DEUXPUCELLES_17","ROTROU"
540,"ROTROU_DEUXPUCELLES_18","ROTROU"
541,"ROTROU_DOMBERNARDDECABRERE_1","ROTROU"
542,"ROTROU_DOMBERNARDDECABRERE_2","ROTROU"
543,"ROTROU_DOMBERNARDDECABRERE_3","ROTROU"
544,"ROTROU_DOMBERNARDDECABRERE_4","ROTROU"
545,"ROTROU_DOMBERNARDDECABRERE_5","ROTROU"
546,"ROTROU_DOMBERNARDDECABRERE_6","ROTROU"
547,"ROTROU_DOMBERNARDDECABRERE_7","ROTROU"
548,"ROTROU_DOMBERNARDDECABRERE_8","ROTROU"
549,"ROTROU_DOMBERNARDDECABRERE_9","ROTROU"
550,"ROTROU_DOMBERNARDDECABRERE_10","ROTROU"
551,"ROTROU_DOMBERNARDDECABRERE_11","ROTROU"
552,"ROTROU_DOMBERNARDDECABRERE_12","ROTROU"
553,"ROTROU_DOMBERNARDDECABRERE_13","ROTROU"
554,"ROTROU_DOMBERNARDDECABRERE_14","ROTROU"
555,"ROTROU_DOMBERNARDDECABRERE_15","ROTROU"
556,"ROTROU_DOMBERNARDDECABRERE_16","ROTROU"
557,"ROTROU_DOMBERNARDDECABRERE_17","ROTROU"
558,"ROTROU_HERCULEMOURANT_1","ROTROU"
559,"ROTROU_HERCULEMOURANT_2","ROTROU"
560,"ROTROU_HERCULEMOURANT_3","ROTROU"
561,"ROTROU_HERCULEMOURANT_4","ROTROU"
562,"ROTROU_HERCULEMOURANT_5","ROTROU"
563,"ROTROU_HERCULEMOURANT_6","ROTROU"
564,"ROTROU_HERCULEMOURANT_7","ROTROU"
565,"ROTROU_HERCULEMOURANT_8","ROTROU"
566,"ROTROU_HERCULEMOURANT_9","ROTROU"
567,"ROTROU_HERCULEMOURANT_10","ROTROU"
568,"ROTROU_HERCULEMOURANT_11","ROTROU"
569,"ROTROU_HERCULEMOURANT_12","ROTROU"
570,"ROTROU_HERCULEMOURANT_13","ROTROU"
571,"ROTROU_HERCULEMOURANT_14","ROTROU"
572,"SCARRON_DOMJAPHETDARMENIE_1","SCARRON"
573,"SCARRON_DOMJAPHETDARMENIE_2","SCARRON"
574,"SCARRON_DOMJAPHETDARMENIE_3","SCARRON"
575,"SCARRON_DOMJAPHETDARMENIE_4","SCARRON"
576,"SCARRON_DOMJAPHETDARMENIE_5","SCARRON"
577,"SCARRON_DOMJAPHETDARMENIE_6","SCARRON"
578,"SCARRON_DOMJAPHETDARMENIE_7","SCARRON"
579,"SCARRON_DOMJAPHETDARMENIE_8","SCARRON"
580,"SCARRON_DOMJAPHETDARMENIE_9","SCARRON"
581,"SCARRON_DOMJAPHETDARMENIE_10","SCARRON"
582,"SCARRON_DOMJAPHETDARMENIE_11","SCARRON"
583,"SCARRON_DOMJAPHETDARMENIE_12","SCARRON"
584,"SCARRON_DOMJAPHETDARMENIE_13","SCARRON"
585,"SCARRON_DOMJAPHETDARMENIE_14","SCARRON"
586,"SCARRON_DOMJAPHETDARMENIE_15","SCARRON"
587,"SCARRON_ECOLIERDESALAMANQUE_1","SCARRON"
588,"SCARRON_ECOLIERDESALAMANQUE_2","SCARRON"
589,"SCARRON_ECOLIERDESALAMANQUE_3","SCARRON"
590,"SCARRON_ECOLIERDESALAMANQUE_4","SCARRON"
591,"SCARRON_ECOLIERDESALAMANQUE_5","SCARRON"
592,"SCARRON_ECOLIERDESALAMANQUE_6","SCARRON"
593,"SCARRON_ECOLIERDESALAMANQUE_7","SCARRON"
594,"SCARRON_ECOLIERDESALAMANQUE_8","SCARRON"
595,"SCARRON_ECOLIERDESALAMANQUE_9","SCARRON"
596,"SCARRON_ECOLIERDESALAMANQUE_10","SCARRON"
597,"SCARRON_ECOLIERDESALAMANQUE_11","SCARRON"
598,"SCARRON_ECOLIERDESALAMANQUE_12","SCARRON"
599,"SCARRON_ECOLIERDESALAMANQUE_13","SCARRON"
600,"SCARRON_ECOLIERDESALAMANQUE_14","SCARRON"
601,"SCARRON_ECOLIERDESALAMANQUE_15","SCARRON"
602,"SCARRON_ECOLIERDESALAMANQUE_16","SCARRON"
603,"SCARRON_FAUSSEAPPARENCE_1","SCARRON"
604,"SCARRON_FAUSSEAPPARENCE_2","SCARRON"
605,"SCARRON_FAUSSEAPPARENCE_3","SCARRON"
606,"SCARRON_FAUSSEAPPARENCE_4","SCARRON"
607,"SCARRON_FAUSSEAPPARENCE_5","SCARRON"
608,"SCARRON_FAUSSEAPPARENCE_6","SCARRON"
609,"SCARRON_FAUSSEAPPARENCE_7","SCARRON"
610,"SCARRON_FAUSSEAPPARENCE_8","SCARRON"
611,"SCARRON_FAUSSEAPPARENCE_9","SCARRON"
612,"SCARRON_FAUSSEAPPARENCE_10","SCARRON"
613,"SCARRON_FAUSSEAPPARENCE_11","SCARRON"
614,"SCARRON_FAUSSEAPPARENCE_12","SCARRON"
615,"SCARRON_FAUSSEAPPARENCE_13","SCARRON"
616,"SCARRON_FAUSSEAPPARENCE_14","SCARRON"
617,"SCARRON_FAUSSEAPPARENCE_15","SCARRON"
618,"SCARRON_GARDIENDESOIMEME_1","SCARRON"
619,"SCARRON_GARDIENDESOIMEME_2","SCARRON"
620,"SCARRON_GARDIENDESOIMEME_3","SCARRON"
621,"SCARRON_GARDIENDESOIMEME_4","SCARRON"
622,"SCARRON_GARDIENDESOIMEME_5","SCARRON"
623,"SCARRON_GARDIENDESOIMEME_6","SCARRON"
624,"SCARRON_GARDIENDESOIMEME_7","SCARRON"
625,"SCARRON_GARDIENDESOIMEME_8","SCARRON"
626,"SCARRON_GARDIENDESOIMEME_9","SCARRON"
627,"SCARRON_GARDIENDESOIMEME_10","SCARRON"
628,"SCARRON_GARDIENDESOIMEME_11","SCARRON"
629,"SCARRON_GARDIENDESOIMEME_12","SCARRON"
630,"SCARRON_GARDIENDESOIMEME_13","SCARRON"
631,"SCARRON_GARDIENDESOIMEME_14","SCARRON"
632,"SCARRON_GARDIENDESOIMEME_15","SCARRON"
633,"SCARRON_GARDIENDESOIMEME_16","SCARRON"
634,"SCUDERY_MORTDECESAR_1","SCUDERY"
635,"SCUDERY_MORTDECESAR_2","SCUDERY"
636,"SCUDERY_MORTDECESAR_3","SCUDERY"
637,"SCUDERY_MORTDECESAR_4","SCUDERY"
638,"SCUDERY_MORTDECESAR_5","SCUDERY"
639,"SCUDERY_MORTDECESAR_6","SCUDERY"
640,"SCUDERY_MORTDECESAR_7","SCUDERY"
641,"SCUDERY_MORTDECESAR_8","SCUDERY"
642,"SCUDERY_MORTDECESAR_9","SCUDERY"
643,"SCUDERY_MORTDECESAR_10","SCUDERY"
644,"SCUDERY_MORTDECESAR_11","SCUDERY"
645,"SCUDERY_MORTDECESAR_12","SCUDERY"
646,"SCUDERY_MORTDECESAR_13","SCUDERY"
647,"SCUDERY_MORTDECESAR_14","SCUDERY"
648,"SCUDERY_ORANTE_1","SCUDERY"
649,"SCUDERY_ORANTE_2","SCUDERY"
650,"SCUDERY_ORANTE_3","SCUDERY"
651,"SCUDERY_ORANTE_4","SCUDERY"
652,"SCUDERY_ORANTE_5","SCUDERY"
653,"SCUDERY_ORANTE_6","SCUDERY"
654,"SCUDERY_ORANTE_7","SCUDERY"
655,"SCUDERY_ORANTE_8","SCUDERY"
656,"SCUDERY_ORANTE_9","SCUDERY"
657,"SCUDERY_ORANTE_10","SCUDERY"
658,"SCUDERY_ORANTE_11","SCUDERY"
659,"SCUDERY_ORANTE_12","SCUDERY"
660,"SCUDERY_ORANTE_13","SCUDERY"
661,"SCUDERY_ORANTE_14","SCUDERY"
662,"SCUDERY_PRINCEDEGUISE_1","SCUDERY"
663,"SCUDERY_PRINCEDEGUISE_2","SCUDERY"
664,"SCUDERY_PRINCEDEGUISE_3","SCUDERY"
665,"SCUDERY_PRINCEDEGUISE_4","SCUDERY"
666,"SCUDERY_PRINCEDEGUISE_5","SCUDERY"
667,"SCUDERY_PRINCEDEGUISE_6","SCUDERY"
668,"SCUDERY_PRINCEDEGUISE_7","SCUDERY"
669,"SCUDERY_PRINCEDEGUISE_8","SCUDERY"
670,"SCUDERY_PRINCEDEGUISE_9","SCUDERY"
671,"SCUDERY_PRINCEDEGUISE_10","SCUDERY"
672,"SCUDERY_PRINCEDEGUISE_11","SCUDERY"
673,"SCUDERY_PRINCEDEGUISE_12","SCUDERY"
674,"SCUDERY_PRINCEDEGUISE_13","SCUDERY"
675,"SCUDERY_PRINCEDEGUISE_14","SCUDERY"
676,"SCUDERY_PRINCEDEGUISE_15","SCUDERY"
677,"SCUDERY_VASSALGENEREUX_1","SCUDERY"
678,"SCUDERY_VASSALGENEREUX_2","SCUDERY"
679,"SCUDERY_VASSALGENEREUX_3","SCUDERY"
680,"SCUDERY_VASSALGENEREUX_4","SCUDERY"
681,"SCUDERY_VASSALGENEREUX_5","SCUDERY"
682,"SCUDERY_VASSALGENEREUX_6","SCUDERY"
683,"SCUDERY_VASSALGENEREUX_7","SCUDERY"
684,"SCUDERY_VASSALGENEREUX_8","SCUDERY"
685,"SCUDERY_VASSALGENEREUX_9","SCUDERY"
686,"SCUDERY_VASSALGENEREUX_10","SCUDERY"
687,"SCUDERY_VASSALGENEREUX_11","SCUDERY"
688,"SCUDERY_VASSALGENEREUX_12","SCUDERY"
689,"SCUDERY_VASSALGENEREUX_13","SCUDERY"
690,"SCUDERY_VASSALGENEREUX_14","SCUDERY"
